{
  "resourceType": "Patient",
  "id": "mCODEPatientExample02",
  "meta": {
    "profile": [
      "http://hl7.org/fhir/us/mcode/StructureDefinition/mcode-cancer-patient"
    ]
  },
  "text": {
    "status": "generated",
    "div": "<div xmlns=\"http://www.w3.org/1999/xhtml\"><p><b>Generated Narrative</b></p><p><b>id</b>: mCODEPatientExample02</p><p><b>meta</b>: </p><p><b>identifier</b>: Medical Record Number = m456 (USUAL)</p><p><b>name</b>: Eve A. Anyperson </p><p><b>gender</b>: female</p><p><b>birthDate</b>: 1955-05-20</p><p><b>address</b>: 456 Smith Lane Anytown MA 12345 US </p><h3>Contacts</h3><table class=\"grid\"><tr><td>-</td><td><b>Telecom</b></td></tr><tr><td>*</td><td>ph: 999-999-9999(HOME)</td></tr></table><h3>Communications</h3><table class=\"grid\"><tr><td>-</td><td><b>Language</b></td></tr><tr><td>*</td><td><span title=\"Codes: {urn:ietf:bcp:47 en-US}\">English</span></td></tr></table></div>"
  },
  "extension": [
    {
      "extension": [
        {
          "url": "ombCategory",
          "valueCoding": {
            "system": "urn:oid:2.16.840.1.113883.6.238",
            "code": "1002-5",
            "display": "American Indian or Alaska Native"
          }
        },
        {
          "url": "text",
          "valueString": "Lakota and Crow"
        }
      ],
      "url": "http://hl7.org/fhir/us/core/StructureDefinition/us-core-race"
    },
    {
      "url": "http://hl7.org/fhir/us/core/StructureDefinition/us-core-birthsex",
      "valueCode": "F"
    }
  ],
  "identifier": [
    {
      "use": "usual",
      "type": {
        "coding": [
          {
            "system": "http://terminology.hl7.org/CodeSystem/v2-0203",
            "code": "MR",
            "display": "Medical Record Number"
          }
        ]
      },
      "system": "http://hospital.example.org",
      "value": "m456"
    }
  ],
  "name": [
    {
      "family": "Anyperson",
      "given": [
        "Eve",
        "A."
      ]
    }
  ],
  "gender": "female",
  "birthDate": "1955-05-20",
  "address": [
    {
      "line": [
        "456 Smith Lane"
      ],
      "city": "Anytown",
      "state": "MA",
      "postalCode": "12345",
      "country": "US"
    }
  ],
  "contact": [
    {
      "telecom": [
        {
          "system": "phone",
          "value": "999-999-9999",
          "use": "home"
        },
        {
          "system": "email",
          "value": "eve.anyperson@example.com"
        }
      ]
    }
  ],
  "communication": [
    {
      "language": {
        "coding": [
          {
            "system": "urn:ietf:bcp:47",
            "code": "en-US",
            "display": "English (Region=United States)"
          }
        ],
        "text": "English"
      }
    }
  ]
}