<?xml version="1.0" encoding="UTF-8"?>

<Observation xmlns="http://hl7.org/fhir">
  <id value="mCODETNMPathologicalStageGroupExample01"/>
  <meta>
    <profile value="http://hl7.org/fhir/us/mcode/StructureDefinition/mcode-tnm-pathological-stage-group"/>
  </meta>
  <text>
    <status value="generated"/><div xmlns="http://www.w3.org/1999/xhtml"><p><b>Generated Narrative</b></p><p><b>id</b>: mCODETNMPathologicalStageGroupExample01</p><p><b>meta</b>: </p><p></p><p><b>category</b>: <span title="Codes: {http://terminology.hl7.org/CodeSystem/observation-category laboratory}">laboratory</span></p><p><b>code</b>: <span title="Codes: {http://loinc.org 21902-2}">Stage group.pathology Cancer</span></p><p><b>subject</b>: <a href="Patient-mCODEPatientExample01.html">Generated Summary: id: mCODEPatientExample01; Medical Record Number = m123 (USUAL); John B. Anyperson ; gender: male; birthDate: 1951-01-20</a></p><p><b>effective</b>: 2019-04-01</p><p><b>value</b>: <span title="Codes: {http://cancerstaging.org 3C}">IIIC</span></p><p><b>method</b>: <span title="Codes: {http://ncimeta.nci.nih.gov C146985}">AJCC Cancer Staging Manual 8th Edition</span></p><p><b>hasMember</b>: </p><ul><li><a href="Observation-mCODETNMPathologicalPrimaryTumorCategoryExample01.html">Generated Summary: id: mCODETNMPathologicalPrimaryTumorCategoryExample01; <span title="Codes: {http://terminology.hl7.org/CodeSystem/observation-category laboratory}">laboratory</span>; <span title="Codes: {http://loinc.org 21899-0}">Primary tumor.pathology Cancer</span>; effective: 2019-04-01; <span title="Codes: {http://cancerstaging.org pT3}">T3</span>; <span title="Codes: {http://ncimeta.nci.nih.gov C146985}">AJCC Cancer Staging Manual 8th Edition</span></a></li><li><a href="Observation-mCODETNMPathologicalRegionalNodesCategoryExample01.html">Generated Summary: id: mCODETNMPathologicalRegionalNodesCategoryExample01; <span title="Codes: {http://terminology.hl7.org/CodeSystem/observation-category laboratory}">laboratory</span>; <span title="Codes: {http://loinc.org 21900-6}">Regional lymph nodes.pathology [Class] Cancer</span>; effective: 2019-04-01; <span title="Codes: {http://cancerstaging.org pN3}">N3</span>; <span title="Codes: {http://ncimeta.nci.nih.gov C146985}">AJCC Cancer Staging Manual 8th Edition</span></a></li><li><a href="Observation-mCODETNMPathologicalDistantMetastasesCategoryExample01.html">Generated Summary: id: mCODETNMPathologicalDistantMetastasesCategoryExample01; <span title="Codes: {http://terminology.hl7.org/CodeSystem/observation-category laboratory}">laboratory</span>; <span title="Codes: {http://loinc.org 21901-4}">Distant metastases.pathology [Class] Cancer</span>; effective: 2019-04-01; <span title="Codes: {http://cancerstaging.org pM0}">M0</span>; <span title="Codes: {http://ncimeta.nci.nih.gov C146985}">AJCC Cancer Staging Manual 8th Edition</span></a></li></ul></div>
  </text>
  <status value="final"/>
  <category>
    <coding>
      <system value="http://terminology.hl7.org/CodeSystem/observation-category"/>
      <code value="laboratory"/>
      <display value="laboratory"/>
    </coding>
  </category>
  <code>
    <coding>
      <system value="http://loinc.org"/>
      <code value="21902-2"/>
    </coding>
  </code>
  <subject>
    <reference value="Patient/mCODEPatientExample01"/>
  </subject>
  <effectiveDateTime value="2019-04-01"/>
  <valueCodeableConcept>
    <coding>
      <system value="http://cancerstaging.org"/>
      <code value="3C"/>
      <display value="IIIC"/>
    </coding>
  </valueCodeableConcept>
  <method>
    <coding>
      <system value="http://ncimeta.nci.nih.gov"/>
      <code value="C146985"/>
      <display value="AJCC Cancer Staging Manual 8th Edition"/>
    </coding>
  </method>
  <hasMember>
    <reference value="Observation/mCODETNMPathologicalPrimaryTumorCategoryExample01"/>
  </hasMember>
  <hasMember>
    <reference value="Observation/mCODETNMPathologicalRegionalNodesCategoryExample01"/>
  </hasMember>
  <hasMember>
    <reference value="Observation/mCODETNMPathologicalDistantMetastasesCategoryExample01"/>
  </hasMember>
</Observation>