<?xml version="1.0" encoding="UTF-8"?>

<Observation xmlns="http://hl7.org/fhir">
  <id value="mCODETNMClinicalStageGroupExample01"/>
  <meta>
    <profile value="http://hl7.org/fhir/us/mcode/StructureDefinition/mcode-tnm-clinical-stage-group"/>
  </meta>
  <text>
    <status value="generated"/><div xmlns="http://www.w3.org/1999/xhtml"><p><b>Generated Narrative</b></p><p><b>id</b>: mCODETNMClinicalStageGroupExample01</p><p><b>meta</b>: </p><p></p><p><b>category</b>: <span title="Codes: {http://terminology.hl7.org/CodeSystem/observation-category survey}">Survey</span></p><p><b>code</b>: <span title="Codes: {http://loinc.org 21908-9}">Stage group.clinical Cancer</span></p><p><b>subject</b>: <a href="Patient-mCODEPatientExample01.html">Generated Summary: id: mCODEPatientExample01; Medical Record Number = m123 (USUAL); John B. Anyperson ; gender: male; birthDate: 1951-01-20</a></p><p><b>effective</b>: 2019-04-01</p><p><b>value</b>: <span title="Codes: {http://cancerstaging.org 3C}">IIIC</span></p><p><b>method</b>: <span title="Codes: {http://ncimeta.nci.nih.gov C146985}">AJCC Cancer Staging Manual 8th Edition</span></p><p><b>hasMember</b>: </p><ul><li><a href="Observation-mCODETNMClinicalPrimaryTumorCategoryExample01.html">Generated Summary: id: mCODETNMClinicalPrimaryTumorCategoryExample01; <span title="Codes: {http://terminology.hl7.org/CodeSystem/observation-category survey}">Survey</span>; <span title="Codes: {http://loinc.org 21905-5}">Primary tumor.clinical [Class] Cancer</span>; effective: 2019-04-01; <span title="Codes: {http://cancerstaging.org cT3}">T3</span>; <span title="Codes: {http://ncimeta.nci.nih.gov C146985}">AJCC Cancer Staging Manual 8th Edition</span></a></li><li><a href="Observation-mCODETNMClinicalRegionalNodesCategoryExample01.html">Generated Summary: id: mCODETNMClinicalRegionalNodesCategoryExample01; <span title="Codes: {http://terminology.hl7.org/CodeSystem/observation-category survey}">Survey</span>; <span title="Codes: {http://loinc.org 21906-3}">Regional lymph nodes.clinical [Class] Cancer</span>; effective: 2019-04-01; <span title="Codes: {http://cancerstaging.org cN3}">N3</span>; <span title="Codes: {http://ncimeta.nci.nih.gov C146985}">AJCC Cancer Staging Manual 8th Edition</span></a></li><li><a href="Observation-mCODETNMClinicalDistantMetastasesCategoryExample01.html">Generated Summary: id: mCODETNMClinicalDistantMetastasesCategoryExample01; <span title="Codes: {http://terminology.hl7.org/CodeSystem/observation-category survey}">Survey</span>; <span title="Codes: {http://loinc.org 21907-1}">Distant metastases.clinical [Class] Cancer</span>; effective: 2019-04-01; <span title="Codes: {http://cancerstaging.org cM0}">M0</span>; <span title="Codes: {http://ncimeta.nci.nih.gov C146985}">AJCC Cancer Staging Manual 8th Edition</span></a></li></ul></div>
  </text>
  <status value="final"/>
  <category>
    <coding>
      <system value="http://terminology.hl7.org/CodeSystem/observation-category"/>
      <code value="survey"/>
      <display value="Survey"/>
    </coding>
  </category>
  <code>
    <coding>
      <system value="http://loinc.org"/>
      <code value="21908-9"/>
    </coding>
  </code>
  <subject>
    <reference value="Patient/mCODEPatientExample01"/>
  </subject>
  <effectiveDateTime value="2019-04-01"/>
  <valueCodeableConcept>
    <coding>
      <system value="http://cancerstaging.org"/>
      <code value="3C"/>
      <display value="IIIC"/>
    </coding>
  </valueCodeableConcept>
  <method>
    <coding>
      <system value="http://ncimeta.nci.nih.gov"/>
      <code value="C146985"/>
      <display value="AJCC Cancer Staging Manual 8th Edition"/>
    </coding>
  </method>
  <hasMember>
    <reference value="Observation/mCODETNMClinicalPrimaryTumorCategoryExample01"/>
  </hasMember>
  <hasMember>
    <reference value="Observation/mCODETNMClinicalRegionalNodesCategoryExample01"/>
  </hasMember>
  <hasMember>
    <reference value="Observation/mCODETNMClinicalDistantMetastasesCategoryExample01"/>
  </hasMember>
</Observation>