<?xml version="1.0" encoding="UTF-8"?>

<ValueSet xmlns="http://hl7.org/fhir">
  <id value="mcode-radiation-procedure-vs"/>
  <text>
    <status value="generated"/><div xmlns="http://www.w3.org/1999/xhtml"><ul><li>Include these codes as defined in <a href="http://www.snomed.org/"><code>http://snomed.info/sct</code></a><table class="none"><tr><td style="white-space:nowrap"><b>Code</b></td><td><b>Display</b></td></tr><tr><td><a href="http://browser.ihtsdotools.org/?perspective=full&amp;conceptId1=448385000">448385000</a></td><td>Megavoltage radiation therapy using photons (procedure)</td><td/></tr><tr><td><a href="http://browser.ihtsdotools.org/?perspective=full&amp;conceptId1=45643008">45643008</a></td><td>Teleradiotherapy using electrons (procedure)</td><td/></tr><tr><td><a href="http://browser.ihtsdotools.org/?perspective=full&amp;conceptId1=10611004">10611004</a></td><td>Teleradiotherapy protons (procedure)</td><td/></tr><tr><td><a href="http://browser.ihtsdotools.org/?perspective=full&amp;conceptId1=80347004">80347004</a></td><td>Teleradiotherapy neutrons (procedure)</td><td/></tr><tr><td><a href="http://browser.ihtsdotools.org/?perspective=full&amp;conceptId1=152198000">152198000</a></td><td>Brachytherapy (procedure)</td><td/></tr></table></li></ul></div>
  </text>
  <url value="http://hl7.org/fhir/us/mcode/ValueSet/mcode-radiation-procedure-vs"/>
  <version value="1.0.1"/>
  <name value="RadiationProcedureVS"/>
  <title value="Radiation Procedure Value Set"/>
  <status value="active"/>
  <date value="2020-07-17T16:41:47-04:00"/>
  <publisher value="HL7 International Clinical Interoperability Council"/>
  <contact>
    <name value="HL7 International Clinical Interoperability Council"/>
    <telecom>
      <system value="url"/>
      <value value="http://www.hl7.org/Special/committees/cic"/>
    </telecom>
    <telecom>
      <system value="email"/>
      <value value="ciclist@lists.HL7.org"/>
    </telecom>
  </contact>
  <description value="Codes describing radiation therapy procedures. The value set includes a limited set of radiation modality codes from SNOMED CT, however, ICD-10-PCS code from Section D (Radiation Therapy) and appropriate CPT radiation procedure codes are also considered compliant. CPT codes are not explicitly included due to licensing restrictions. ICD-10-PCS codes are not included explicitly because they are not currently supported by the FHIR IG Publishing tool.&#xA;&#xA;Conformance note: If an ICD-10-PCS code is used, and a semantically equivalent SNOMED CT or CPT code is available, the resulting Procedure instance will not be compliant with [US Core Profiles](http://hl7.org/fhir/us/core/index.html)."/>
  <jurisdiction>
    <coding>
      <system value="urn:iso:std:iso:3166"/>
      <code value="US"/>
      <display value="United States of America"/>
    </coding>
  </jurisdiction>
  <compose>
    <include>
      <system value="http://snomed.info/sct"/>
      <concept>
        <code value="448385000"/>
        <display value="Megavoltage radiation therapy using photons (procedure)"/>
      </concept>
      <concept>
        <code value="45643008"/>
        <display value="Teleradiotherapy using electrons (procedure)"/>
      </concept>
      <concept>
        <code value="10611004"/>
        <display value="Teleradiotherapy protons (procedure)"/>
      </concept>
      <concept>
        <code value="80347004"/>
        <display value="Teleradiotherapy neutrons (procedure)"/>
      </concept>
      <concept>
        <code value="152198000"/>
        <display value="Brachytherapy (procedure)"/>
      </concept>
    </include>
  </compose>
</ValueSet>