<?xml version="1.0" encoding="UTF-8"?><ValueSet xmlns="http://hl7.org/fhir"><id value="mcode-units-of-length-vs"/><text><status value="generated"/><div xmlns="http://www.w3.org/1999/xhtml"><ul><li>Include these codes as defined in <a href="http://unitsofmeasure.org"><code>http://unitsofmeasure.org</code></a><table class="none"><tr><td style="white-space:nowrap"><b>Code</b></td><td><b>Display</b></td></tr><tr><td>mm</td><td>Millimeter</td><td/></tr><tr><td>cm</td><td>Centimeter</td><td/></tr><tr><td>m</td><td>Meter</td><td/></tr><tr><td>ft-us</td><td>Foot</td><td/></tr><tr><td>in-us</td><td>Inch</td><td/></tr></table></li></ul></div></text><url value="http://hl7.org/fhir/us/mcode/ValueSet/mcode-units-of-length-vs"/><version value="1.0.1"/><name value="UnitsOfLengthVS"/><title value="Units of Length Value Set"/><status value="active"/><date value="2020-07-17T16:41:47-04:00"/><publisher value="HL7 International Clinical Interoperability Council"/><contact><name value="HL7 International Clinical Interoperability Council"/><telecom><system value="url"/><value value="http://www.hl7.org/Special/committees/cic"/></telecom><telecom><system value="email"/><value value="ciclist@lists.HL7.org"/></telecom></contact><description value="Units of measure for length or distance on a human scale."/><jurisdiction><coding><system value="urn:iso:std:iso:3166"/><code value="US"/><display value="United States of America"/></coding></jurisdiction><compose><include><system value="http://unitsofmeasure.org"/><concept><code value="mm"/><display value="Millimeter"/></concept><concept><code value="cm"/><display value="Centimeter"/></concept><concept><code value="m"/><display value="Meter"/></concept><concept><code value="ft-us"/><display value="Foot"/></concept><concept><code value="in-us"/><display value="Inch"/></concept></include></compose></ValueSet>